<?xml version="1.0"?>
<Runs Version="1" Minor="0">
	<Run Id="DE3_c_addsub_0_0_synth_1" LaunchDir="C:/Users/alexa/DE3/DE3.runs/DE3_c_addsub_0_0_synth_1" FlowId="Vivado_Synthesis" FromStepId="vivado" ToStepId="vivado"/>
	<Run Id="DE3_mult_gen_0_0_synth_1" LaunchDir="C:/Users/alexa/DE3/DE3.runs/DE3_mult_gen_0_0_synth_1" FlowId="Vivado_Synthesis" FromStepId="vivado" ToStepId="vivado"/>
	<Run Id="DE3_divider_0_0_synth_1" LaunchDir="C:/Users/alexa/DE3/DE3.runs/DE3_divider_0_0_synth_1" FlowId="Vivado_Synthesis" FromStepId="vivado" ToStepId="vivado"/>
	<Run Id="DE3_opMux_0_0_synth_1" LaunchDir="C:/Users/alexa/DE3/DE3.runs/DE3_opMux_0_0_synth_1" FlowId="Vivado_Synthesis" FromStepId="vivado" ToStepId="vivado"/>
	<Run Id="synth_1" LaunchDir="C:/Users/alexa/DE3/DE3.runs/synth_1" FlowId="Vivado_Synthesis" FromStepId="vivado" ToStepId="vivado">
		<Parent Id="DE3_c_addsub_0_0_synth_1"/>
		<Parent Id="DE3_mult_gen_0_0_synth_1"/>
		<Parent Id="DE3_divider_0_0_synth_1"/>
		<Parent Id="DE3_opMux_0_0_synth_1"/>
	</Run>
	<Run Id="impl_1" LaunchDir="C:/Users/alexa/DE3/DE3.runs/impl_1" FlowId="Vivado_Implementation" FromStepId="init_design" ToStepId="write_bitstream">
		<Parent Id="synth_1"/>
		<Parent Id="DE3_c_addsub_0_0_synth_1"/>
		<Parent Id="DE3_mult_gen_0_0_synth_1"/>
		<Parent Id="DE3_divider_0_0_synth_1"/>
		<Parent Id="DE3_opMux_0_0_synth_1"/>
	</Run>
	<Parameters>
		<Parameter Name="runs.monitorLSFJobs" Val="true" Type="bool"/>
		<Parameter Name="runs.enableClusterConf" Val="true" Type="bool"/>
	</Parameters>
</Runs>

