<?xml version="1.0" encoding="UTF-8"?>
<GenRun Id="impl_1" LaunchPart="xc7a35tcpg236-1" LaunchTime="1649528758">
  <File Type="ROUTE-PWR" Name="DE3_wrapper_power_routed.rpt"/>
  <File Type="PA-TCL" Name="DE3_wrapper.tcl"/>
  <File Type="BITSTR-BMM" Name="DE3_wrapper_bd.bmm"/>
  <File Type="ROUTE-PWR-SUM" Name="DE3_wrapper_power_summary_routed.pb"/>
  <File Type="REPORTS-TCL" Name="DE3_wrapper_reports.tcl"/>
  <File Type="OPT-DCP" Name="DE3_wrapper_opt.dcp"/>
  <File Type="OPT-DRC" Name="DE3_wrapper_drc_opted.rpt"/>
  <File Type="OPT-HWDEF" Name="DE3_wrapper.hwdef"/>
  <File Type="PWROPT-DCP" Name="DE3_wrapper_pwropt.dcp"/>
  <File Type="PLACE-DCP" Name="DE3_wrapper_placed.dcp"/>
  <File Type="PLACE-IO" Name="DE3_wrapper_io_placed.rpt"/>
  <File Type="PLACE-UTIL" Name="DE3_wrapper_utilization_placed.rpt"/>
  <File Type="PLACE-UTIL-PB" Name="DE3_wrapper_utilization_placed.pb"/>
  <File Type="PLACE-CTRL" Name="DE3_wrapper_control_sets_placed.rpt"/>
  <File Type="PLACE-PRE-SIMILARITY" Name="DE3_wrapper_incremental_reuse_pre_placed.rpt"/>
  <File Type="POSTPLACE-PWROPT-DCP" Name="DE3_wrapper_postplace_pwropt.dcp"/>
  <File Type="BG-BIN" Name="DE3_wrapper.bin"/>
  <File Type="PHYSOPT-DCP" Name="DE3_wrapper_physopt.dcp"/>
  <File Type="BITSTR-MSK" Name="DE3_wrapper.msk"/>
  <File Type="ROUTE-ERROR-DCP" Name="DE3_wrapper_routed_error.dcp"/>
  <File Type="ROUTE-DCP" Name="DE3_wrapper_routed.dcp"/>
  <File Type="ROUTE-BLACKBOX-DCP" Name="DE3_wrapper_routed_bb.dcp"/>
  <File Type="ROUTE-DRC" Name="DE3_wrapper_drc_routed.rpt"/>
  <File Type="ROUTE-DRC-PB" Name="DE3_wrapper_drc_routed.pb"/>
  <File Type="ROUTE-DRC-RPX" Name="DE3_wrapper_drc_routed.rpx"/>
  <File Type="ROUTE-METHODOLOGY-DRC" Name="DE3_wrapper_methodology_drc_routed.rpt"/>
  <File Type="BITSTR-MMI" Name="DE3_wrapper.mmi"/>
  <File Type="ROUTE-METHODOLOGY-DRC-RPX" Name="DE3_wrapper_methodology_drc_routed.rpx"/>
  <File Type="ROUTE-METHODOLOGY-DRC-PB" Name="DE3_wrapper_methodology_drc_routed.pb"/>
  <File Type="ROUTE-PWR-RPX" Name="DE3_wrapper_power_routed.rpx"/>
  <File Type="ROUTE-STATUS" Name="DE3_wrapper_route_status.rpt"/>
  <File Type="ROUTE-STATUS-PB" Name="DE3_wrapper_route_status.pb"/>
  <File Type="ROUTE-TIMINGSUMMARY" Name="DE3_wrapper_timing_summary_routed.rpt"/>
  <File Type="ROUTE-TIMING-PB" Name="DE3_wrapper_timing_summary_routed.pb"/>
  <File Type="ROUTE-TIMING-RPX" Name="DE3_wrapper_timing_summary_routed.rpx"/>
  <File Type="ROUTE-CLK" Name="DE3_wrapper_clock_utilization_routed.rpt"/>
  <File Type="ROUTE-BUS-SKEW" Name="DE3_wrapper_bus_skew_routed.rpt"/>
  <File Type="ROUTE-BUS-SKEW-PB" Name="DE3_wrapper_bus_skew_routed.pb"/>
  <File Type="ROUTE-BUS-SKEW-RPX" Name="DE3_wrapper_bus_skew_routed.rpx"/>
  <File Type="POSTROUTE-PHYSOPT-DCP" Name="DE3_wrapper_postroute_physopt.dcp"/>
  <File Type="POSTROUTE-PHYSOPT-BLACKBOX-DCP" Name="DE3_wrapper_postroute_physopt_bb.dcp"/>
  <File Type="BG-BIT" Name="DE3_wrapper.bit"/>
  <File Type="BITSTR-RBT" Name="DE3_wrapper.rbt"/>
  <File Type="BITSTR-NKY" Name="DE3_wrapper.nky"/>
  <File Type="PDI-FILE" Name="DE3_wrapper.pdi"/>
  <File Type="RCFI_FILE" Name="DE3_wrapper.rcfi"/>
  <File Type="CFI_FILE" Name="DE3_wrapper.cfi"/>
  <File Type="RNPI_FILE" Name="DE3_wrapper.rnpi"/>
  <File Type="NPI_FILE" Name="DE3_wrapper.npi"/>
  <File Type="RBD_FILE" Name="DE3_wrapper.rbd"/>
  <File Type="BITSTR-LTX" Name="DE3_wrapper.ltx"/>
  <File Type="BITSTR-SYSDEF" Name="DE3_wrapper.sysdef"/>
  <File Type="BG-BGN" Name="DE3_wrapper.bgn"/>
  <File Type="BG-DRC" Name="DE3_wrapper.drc"/>
  <File Type="RDI-RDI" Name="DE3_wrapper.vdi"/>
  <File Type="WBT-USG" Name="usage_statistics_webtalk.html"/>
  <FileSet Name="sources" Type="DesignSrcs" RelSrcDir="$PSRCDIR/sources_1">
    <Filter Type="Srcs"/>
    <File Path="$PSRCDIR/sources_1/bd/DE3/DE3.bd">
      <FileInfo>
        <Attr Name="UsedIn" Val="synthesis"/>
        <Attr Name="UsedIn" Val="implementation"/>
        <Attr Name="UsedIn" Val="simulation"/>
      </FileInfo>
    </File>
    <File Path="$PSRCDIR/sources_1/bd/DE3/hdl/DE3_wrapper.vhd">
      <FileInfo>
        <Attr Name="UsedIn" Val="synthesis"/>
        <Attr Name="UsedIn" Val="simulation"/>
      </FileInfo>
    </File>
    <Config>
      <Option Name="DesignMode" Val="RTL"/>
      <Option Name="TopModule" Val="DE3_wrapper"/>
      <Option Name="TopAutoSet" Val="TRUE"/>
    </Config>
  </FileSet>
  <FileSet Name="constrs_in" Type="Constrs" RelSrcDir="$PSRCDIR/constrs_1">
    <Filter Type="Constrs"/>
    <File Path="$PSRCDIR/constrs_1/imports/Desktop/Basys-3-Master.xdc">
      <FileInfo>
        <Attr Name="ImportPath" Val="$PPRDIR/../OneDrive/Desktop/Basys-3-Master.xdc"/>
        <Attr Name="ImportTime" Val="1649450661"/>
        <Attr Name="UsedIn" Val="synthesis"/>
        <Attr Name="UsedIn" Val="implementation"/>
      </FileInfo>
    </File>
    <Config>
      <Option Name="ConstrsType" Val="XDC"/>
    </Config>
  </FileSet>
  <FileSet Name="utils" Type="Utils" RelSrcDir="$PSRCDIR/utils_1">
    <Filter Type="Utils"/>
    <Config>
      <Option Name="TopAutoSet" Val="TRUE"/>
    </Config>
  </FileSet>
  <Strategy Version="1" Minor="2">
    <StratHandle Name="Vivado Implementation Defaults" Flow="Vivado Implementation 2019"/>
    <Step Id="init_design"/>
    <Step Id="opt_design"/>
    <Step Id="power_opt_design"/>
    <Step Id="place_design"/>
    <Step Id="post_place_power_opt_design"/>
    <Step Id="phys_opt_design" EnableStepBool="1"/>
    <Step Id="route_design"/>
    <Step Id="post_route_phys_opt_design"/>
    <Step Id="write_bitstream"/>
    <Step Id="write_device_image"/>
  </Strategy>
  <BlockFileSet Type="BlockSrcs" Name="DE3_c_addsub_0_0"/>
  <BlockFileSet Type="BlockSrcs" Name="DE3_mult_gen_0_0"/>
  <BlockFileSet Type="BlockSrcs" Name="DE3_divider_0_0"/>
  <BlockFileSet Type="BlockSrcs" Name="DE3_opMux_0_0"/>
</GenRun>
