<?xml version="1.0" encoding="UTF-8"?>
<GenRun Id="synth_1" LaunchPart="xc7a35tcpg236-1" LaunchTime="1649528758">
  <File Type="PA-TCL" Name="DE3_wrapper.tcl"/>
  <File Type="REPORTS-TCL" Name="DE3_wrapper_reports.tcl"/>
  <File Type="RDS-RDS" Name="DE3_wrapper.vds"/>
  <File Type="RDS-UTIL" Name="DE3_wrapper_utilization_synth.rpt"/>
  <File Type="RDS-UTIL-PB" Name="DE3_wrapper_utilization_synth.pb"/>
  <File Type="RDS-DCP" Name="DE3_wrapper.dcp"/>
  <FileSet Name="sources" Type="DesignSrcs" RelSrcDir="$PSRCDIR/sources_1">
    <Filter Type="Srcs"/>
    <File Path="$PSRCDIR/sources_1/bd/DE3/DE3.bd">
      <FileInfo>
        <Attr Name="UsedIn" Val="synthesis"/>
        <Attr Name="UsedIn" Val="implementation"/>
        <Attr Name="UsedIn" Val="simulation"/>
      </FileInfo>
    </File>
    <File Path="$PSRCDIR/sources_1/bd/DE3/hdl/DE3_wrapper.vhd">
      <FileInfo>
        <Attr Name="UsedIn" Val="synthesis"/>
        <Attr Name="UsedIn" Val="simulation"/>
      </FileInfo>
    </File>
    <Config>
      <Option Name="DesignMode" Val="RTL"/>
      <Option Name="TopModule" Val="DE3_wrapper"/>
      <Option Name="TopAutoSet" Val="TRUE"/>
    </Config>
  </FileSet>
  <FileSet Name="constrs_in" Type="Constrs" RelSrcDir="$PSRCDIR/constrs_1">
    <Filter Type="Constrs"/>
    <File Path="$PSRCDIR/constrs_1/imports/Desktop/Basys-3-Master.xdc">
      <FileInfo>
        <Attr Name="ImportPath" Val="$PPRDIR/../OneDrive/Desktop/Basys-3-Master.xdc"/>
        <Attr Name="ImportTime" Val="1649450661"/>
        <Attr Name="UsedIn" Val="synthesis"/>
        <Attr Name="UsedIn" Val="implementation"/>
      </FileInfo>
    </File>
    <Config>
      <Option Name="ConstrsType" Val="XDC"/>
    </Config>
  </FileSet>
  <FileSet Name="utils" Type="Utils" RelSrcDir="$PSRCDIR/utils_1">
    <Filter Type="Utils"/>
    <Config>
      <Option Name="TopAutoSet" Val="TRUE"/>
    </Config>
  </FileSet>
  <Strategy Version="1" Minor="2">
    <StratHandle Name="Vivado Synthesis Defaults" Flow="Vivado Synthesis 2019"/>
    <Step Id="synth_design"/>
  </Strategy>
  <BlockFileSet Type="BlockSrcs" Name="DE3_c_addsub_0_0"/>
  <BlockFileSet Type="BlockSrcs" Name="DE3_mult_gen_0_0"/>
  <BlockFileSet Type="BlockSrcs" Name="DE3_divider_0_0"/>
  <BlockFileSet Type="BlockSrcs" Name="DE3_opMux_0_0"/>
</GenRun>
